season_id	location_key	location_id	season_name	season_year	start_date	end_date
BGD-DHAKA-BORO-2020	1	BGD-DHAKA	Illustrative Boro window	2020	2019-12-01	2020-05-15
BGD-DHAKA-AUS-2020	1	BGD-DHAKA	Illustrative Aus window	2020	2020-04-15	2020-08-15
BGD-DHAKA-AMAN-2020	1	BGD-DHAKA	Illustrative Aman window	2020	2020-07-01	2020-12-15
BGD-KHULNA-BORO-2020	2	BGD-KHULNA	Illustrative Boro window	2020	2019-12-01	2020-05-15
BGD-KHULNA-AUS-2020	2	BGD-KHULNA	Illustrative Aus window	2020	2020-04-15	2020-08-15
BGD-KHULNA-AMAN-2020	2	BGD-KHULNA	Illustrative Aman window	2020	2020-07-01	2020-12-15
BGD-RAJSHAHI-BORO-2020	3	BGD-RAJSHAHI	Illustrative Boro window	2020	2019-12-01	2020-05-15
BGD-RAJSHAHI-AUS-2020	3	BGD-RAJSHAHI	Illustrative Aus window	2020	2020-04-15	2020-08-15
BGD-RAJSHAHI-AMAN-2020	3	BGD-RAJSHAHI	Illustrative Aman window	2020	2020-07-01	2020-12-15
