location_key	location_id	location_name	season_id	season_name	season_year	start_date	end_date	gdd_c_day	edd_c_day	hdd_c_day	precip_mm	observed_days	expected_days	coverage_fraction	qc_status
1	BGD-DHAKA	Dhaka	BGD-DHAKA-BORO-2020	Illustrative Boro window	2020	2019-12-01	2020-05-15	2358.3741338897116	64.380866110288309	1.5101252362728257	554.80000000000007	167	167	1.0000000000000000	PASS
1	BGD-DHAKA	Dhaka	BGD-DHAKA-AUS-2020	Illustrative Aus window	2020	2020-04-15	2020-08-15	2487.0253390148873	51.219660985112483	0.0000000000000000	1750.3000000000004	123	123	1.0000000000000000	PASS
1	BGD-DHAKA	Dhaka	BGD-DHAKA-AMAN-2020	Illustrative Aman window	2020	2020-07-01	2020-12-15	3118.7138777817113	41.616122218288922	0.0000000000000000	1532.0200000000004	168	168	1.0000000000000000	PASS
2	BGD-KHULNA	Khulna	BGD-KHULNA-BORO-2020	Illustrative Boro window	2020	2019-12-01	2020-05-15	2345.5281962137033	91.840189685229220	6.5184038911589770	608.37000000000012	167	167	1.0000000000000000	PASS
2	BGD-KHULNA	Khulna	BGD-KHULNA-AUS-2020	Illustrative Aus window	2020	2020-04-15	2020-08-15	2493.7004245589910	77.949575441009671	0.0000000000000000	1647.7699999999991	123	123	1.0000000000000000	PASS
2	BGD-KHULNA	Khulna	BGD-KHULNA-AMAN-2020	Illustrative Aman window	2020	2020-07-01	2020-12-15	3092.4658690681044	38.454130931896970	0.0000000000000000	1348.6199999999999	168	168	1.0000000000000000	PASS
3	BGD-RAJSHAHI	Rajshahi	BGD-RAJSHAHI-BORO-2020	Illustrative Boro window	2020	2019-12-01	2020-05-15	2216.1729596269683	84.641568957455405	15.056160465518126	366.63000000000005	167	167	1.0000000000000000	PASS
3	BGD-RAJSHAHI	Rajshahi	BGD-RAJSHAHI-AUS-2020	Illustrative Aus window	2020	2020-04-15	2020-08-15	2499.9005099427022	96.609490057296625	0.0000000000000000	1304.0100000000000	123	123	1.0000000000000000	PASS
3	BGD-RAJSHAHI	Rajshahi	BGD-RAJSHAHI-AMAN-2020	Illustrative Aman window	2020	2020-07-01	2020-12-15	3065.7388350406218	43.521164959378844	0.0000000000000000	1126.0000000000000	168	168	1.0000000000000000	PASS
